Image URL,Caption,Like Count
https://scontent-hou1-1.cdninstagram.com/v/t51.29350-15/462132041_450320891394003_5588285986554448542_n.jpg?stp=dst-jpg_e15&efg=eyJ2ZW5jb2RlX3RhZyI6ImltYWdlX3VybGdlbi4xMDgweDE5MjAuc2RyLmYyOTM1MC5kZWZhdWx0X2NvdmVyX2ZyYW1lIn0&_nc_ht=scontent-hou1-1.cdninstagram.com&_nc_cat=1&_nc_ohc=_8yFoOePLjYQ7kNvgFpaCmQ&_nc_gid=3ab0648d28274872b3df6fc52ae85929&edm=AP4sbd4BAAAA&ccb=7-5&ig_cache_key=MzQ3MTkzODY3MDgzNDU5NzU5OA%3D%3D.3-ccb7-5&oh=00_AYDUo57d5w2hWB7wGsyR70SybgGqSEZ4lDdLDnn45I3THg&oe=6707C25B&_nc_sid=7a9f4b,"MUST WATCH @danny_macaskill CAMPUS | OUT NOW

Danny got the keys to @adidas HQ to do what he does best‚Ä¶don‚Äôt miss this - Link In Bio

#Campus #BrandOfTheBrave #adidas","5,672 likes"
https://scontent-hou1-1.cdninstagram.com/v/t51.29350-15/461740173_442929041644672_2211498178534916067_n.jpg?stp=dst-jpg_e35&efg=eyJ2ZW5jb2RlX3RhZyI6ImltYWdlX3VybGdlbi4xNDQweDE4MDAuc2RyLmYyOTM1MC5kZWZhdWx0X2ltYWdlIn0&_nc_ht=scontent-hou1-1.cdninstagram.com&_nc_cat=1&_nc_ohc=PWKARAggDygQ7kNvgFFwQdR&_nc_gid=3ab0648d28274872b3df6fc52ae85929&edm=AP4sbd4BAAAA&ccb=7-5&ig_cache_key=MzQ2OTA1NDk3NjE1NzI0ODQ2Nw%3D%3D.3-ccb7-5&oh=00_AYCK8F6mfupwIn3XgNhhaa5DQQbuQ1V7l1s_j8_YUTWVDA&oe=6707C50C&_nc_sid=7a9f4b,"We are deeply saddened by the passing of our dear friend, Dikembe Mutombo.

He was respected and loved by so many for his skills on the court and the impact he left off of it. Dikembe was a trailblazing humanitarian who believed in the brotherhood of basketball, using his platform to promote cultural exchange from Africa to the world, furthering the game and human rights with equal fervor.

We are grateful for his legacy that will continue to inspire us for generations to come.","24,961 likes"
https://scontent-hou1-1.cdninstagram.com/v/t51.29350-15/461600090_27039980438983805_877189275453792054_n.jpg?stp=dst-jpg_e15&efg=eyJ2ZW5jb2RlX3RhZyI6ImltYWdlX3VybGdlbi43MjB4MTI4MC5zZHIuZjI5MzUwLmRlZmF1bHRfY292ZXJfZnJhbWUifQ&_nc_ht=scontent-hou1-1.cdninstagram.com&_nc_cat=1&_nc_ohc=x2lG3AQODlUQ7kNvgENVqhq&_nc_gid=3ab0648d28274872b3df6fc52ae85929&edm=AP4sbd4BAAAA&ccb=7-5&ig_cache_key=MzQ2ODU5NzM5Mjk5ODE4MDE1Ng%3D%3D.3-ccb7-5&oh=00_AYDX4GJu0YKfp0RvPvRJmlqMDIPwvrpl3EICNWdl1XzU5Q&oe=6707B84B&_nc_sid=7a9f4b,It‚Äôs only a shot. #YouGotThis,"27,962 likes"
https://scontent-hou1-1.cdninstagram.com/v/t51.29350-15/461611251_1527782218615857_4682535119579594062_n.jpg?stp=dst-jpg_e15&efg=eyJ2ZW5jb2RlX3RhZyI6ImltYWdlX3VybGdlbi43MjB4MTI4MC5zZHIuZjI5MzUwLmRlZmF1bHRfY292ZXJfZnJhbWUifQ&_nc_ht=scontent-hou1-1.cdninstagram.com&_nc_cat=1&_nc_ohc=dXDnKnhNiwMQ7kNvgFvOka1&_nc_gid=3ab0648d28274872b3df6fc52ae85929&edm=AP4sbd4BAAAA&ccb=7-5&ig_cache_key=MzQ2ODAwNjAzOTAxMTYzODE4OA%3D%3D.3-ccb7-5&oh=00_AYChEkwFdl55nMljMGZuDAwA6x1RQnAsExG2SfGjk3RO5g&oe=6707C88A&_nc_sid=7a9f4b,"Run it back‚Ä¶ all over again ‚èÆÔ∏è

Tigist Ketema delivered something special at the 50th @berlinmarathon. And it was never in doubt üåüüí™

#adizero #YouGotThis","15,301 likes"
https://scontent-hou1-1.cdninstagram.com/v/t51.29350-15/461477601_450863777989778_1632422510819634203_n.jpg?stp=dst-jpg_e35&efg=eyJ2ZW5jb2RlX3RhZyI6ImltYWdlX3VybGdlbi4xNDQweDE4MDAuc2RyLmYyOTM1MC5kZWZhdWx0X2ltYWdlIn0&_nc_ht=scontent-hou1-1.cdninstagram.com&_nc_cat=1&_nc_ohc=zfhnkHvuoJgQ7kNvgHOKVd8&_nc_gid=3ab0648d28274872b3df6fc52ae85929&edm=AP4sbd4BAAAA&ccb=7-5&ig_cache_key=MzQ2NzczNDc4NTE0MjY2NjExMA%3D%3D.3-ccb7-5&oh=00_AYANj-lfyd-qxPIW2bebVx018z88GrwYSHPR6EppQR_9fg&oe=6707CE21&_nc_sid=7a9f4b,"Berlin is HERS üåüüí™

Tigist Ketema adds her name among the major-winning greats in 2:16:42, taking the 50th @berlinmarathon üéâ

üëü #adizero Adios Pro Evo 1

#YouGotThis","33,810 likes"
https://scontent-hou1-1.cdninstagram.com/v/t51.29350-15/461440151_1206754960540660_8606038329311974438_n.jpg?stp=dst-jpg_e15&efg=eyJ2ZW5jb2RlX3RhZyI6ImltYWdlX3VybGdlbi4xMDgweDE5MjAuc2RyLmYyOTM1MC5kZWZhdWx0X2NvdmVyX2ZyYW1lIn0&_nc_ht=scontent-hou1-1.cdninstagram.com&_nc_cat=104&_nc_ohc=9N3mqXaNKZkQ7kNvgExVBbI&_nc_gid=3ab0648d28274872b3df6fc52ae85929&edm=AP4sbd4BAAAA&ccb=7-5&ig_cache_key=MzQ2NzI2ODUxMTY0ODQwMTMxMg%3D%3D.3-ccb7-5&oh=00_AYAf_ONy_N4FufqGFzcvhybvbFORlSEOY0BIaV0RGna8ew&oe=6707CE13&_nc_sid=7a9f4b,"We‚Äôve changed the world together, one record at a time. Here‚Äôs to the next 50 years @berlinmarathon ü§ùü´∂

#YouGotThis #adizero","6,756 likes"
https://scontent-hou1-1.cdninstagram.com/v/t51.29350-15/461526418_542276044947994_5439156379451144262_n.jpg?stp=dst-jpg_e35&efg=eyJ2ZW5jb2RlX3RhZyI6ImltYWdlX3VybGdlbi4xNDQweDE0NDAuc2RyLmYyOTM1MC5kZWZhdWx0X2ltYWdlIn0&_nc_ht=scontent-hou1-1.cdninstagram.com&_nc_cat=1&_nc_ohc=j-Eh4kUdMswQ7kNvgHNa4yv&_nc_gid=3ab0648d28274872b3df6fc52ae85929&edm=AP4sbd4BAAAA&ccb=7-5&ig_cache_key=MzQ2NjkzMTM2NjYxOTUwMDYxMg%3D%3D.3-ccb7-5&oh=00_AYBDC1uRy351eXOeC0dmGit8e1lXb73Fni_tsJ8a-H3h6g&oe=6707C97C&_nc_sid=7a9f4b,Made like nothing. Feels like nothing. Looks like nothing. Introducing Climacool.,"53,610 likes"
https://scontent-hou1-1.cdninstagram.com/v/t51.29350-15/461312262_543742118020757_2324121795387267389_n.jpg?stp=dst-jpg_e15&efg=eyJ2ZW5jb2RlX3RhZyI6ImltYWdlX3VybGdlbi4xMDgweDE5MjAuc2RyLmYyOTM1MC5kZWZhdWx0X2NvdmVyX2ZyYW1lIn0&_nc_ht=scontent-hou1-1.cdninstagram.com&_nc_cat=105&_nc_ohc=3wLN-Ik353IQ7kNvgE3HQgC&_nc_gid=3ab0648d28274872b3df6fc52ae85929&edm=AP4sbd4BAAAA&ccb=7-5&ig_cache_key=MzQ2NjkwMDAzODA1NDI1MDE4Mg%3D%3D.3-ccb7-5&oh=00_AYBiEfZ6EpUIHW4a8Cm7UfhmLK1iXnJLB49-TOtzcyRQ_Q&oe=6707C157&_nc_sid=7a9f4b,Introducing Climacool. Unlocking possibilities ü§ù,"14,836 likes"
https://scontent-hou1-1.cdninstagram.com/v/t51.29350-15/461349572_1506141893342107_1195286487100600788_n.jpg?stp=dst-jpg_e15&efg=eyJ2ZW5jb2RlX3RhZyI6ImltYWdlX3VybGdlbi4yMjU2eDQwMTAuc2RyLmYyOTM1MC5kZWZhdWx0X2NvdmVyX2ZyYW1lIn0&_nc_ht=scontent-hou1-1.cdninstagram.com&_nc_cat=107&_nc_ohc=y9ypvvQNDd8Q7kNvgHnMSUo&_nc_gid=3ab0648d28274872b3df6fc52ae85929&edm=AP4sbd4BAAAA&ccb=7-5&ig_cache_key=MzQ2NTAwNTUxMTI5NTAwNTA4Nw%3D%3D.3-ccb7-5&oh=00_AYB2mwLmvOFv5BBT1YeDDgtwDRH0Y13J_QmvvOthMzZASw&oe=6707C098&_nc_sid=7a9f4b,Ignore the noise. #YouGotThis,"29,722 likes"
https://scontent-hou1-1.cdninstagram.com/v/t51.29350-15/460804755_1080842296886358_2493117020979449399_n.jpg?stp=dst-jpg_e15&efg=eyJ2ZW5jb2RlX3RhZyI6ImltYWdlX3VybGdlbi43MjB4MTI4MC5zZHIuZjI5MzUwLmRlZmF1bHRfY292ZXJfZnJhbWUifQ&_nc_ht=scontent-hou1-1.cdninstagram.com&_nc_cat=1&_nc_ohc=Pm6_CmhQWSQQ7kNvgH9LNNl&_nc_gid=3ab0648d28274872b3df6fc52ae85929&edm=AP4sbd4BAAAA&ccb=7-5&ig_cache_key=MzQ2MzU0NzM2NDA4Nzk2MDUzMw%3D%3D.3-ccb7-5&oh=00_AYBxIMY7xAro7-PLYz_m-3DwJCpT88vRKZeCGfNVBmzdMQ&oe=6707C2C4&_nc_sid=7a9f4b,It‚Äôs only a kick. #YouGotThis,"16,039 likes"
https://scontent-hou1-1.cdninstagram.com/v/t51.29350-15/461045710_1084285903112718_1937721784662432463_n.jpg?stp=dst-jpg_e35&efg=eyJ2ZW5jb2RlX3RhZyI6ImltYWdlX3VybGdlbi4xNDQweDE3OTguc2RyLmYyOTM1MC5kZWZhdWx0X2ltYWdlIn0&_nc_ht=scontent-hou1-1.cdninstagram.com&_nc_cat=106&_nc_ohc=e31HkI4xFnwQ7kNvgGyjaIa&_nc_gid=3ab0648d28274872b3df6fc52ae85929&edm=AP4sbd4BAAAA&ccb=7-5&ig_cache_key=MzQ2MjgyMTAxOTUyODM5MTE5MQ%3D%3D.3-ccb7-5&oh=00_AYDFmedfKnd_zPgoLbUlCx7zGP4xeLSXvPTSoCSL5D749A&oe=6707B891&_nc_sid=7a9f4b,"We‚Äôve been built for this.

The adidas Basketball Family is ready for the 2024 WNBA Playoffs.

#WNBAPlayoffs #adidasBasketball","7,892 likes"
https://scontent-hou1-1.cdninstagram.com/v/t51.29350-15/459872917_1015931746946173_4029860893139807858_n.jpg?stp=dst-jpg_e35&efg=eyJ2ZW5jb2RlX3RhZyI6ImltYWdlX3VybGdlbi4xNDQweDE4MDAuc2RyLmYyOTM1MC5kZWZhdWx0X2ltYWdlIn0&_nc_ht=scontent-hou1-1.cdninstagram.com&_nc_cat=101&_nc_ohc=RMZWe5Jd1aAQ7kNvgHjUCHe&_nc_gid=4738b1c8802a4eb5a0d833911075757f&edm=APoiHPcBAAAA&ccb=7-5&ig_cache_key=MzQ1Nzg1NjM2NDEwNDgxODYwNw%3D%3D.3-ccb7-5&oh=00_AYAJhOaLo833FCVmiDxIX8wYGfcZWSq5UgAJLQiJZIS8hg&oe=6707DFA7&_nc_sid=22de04,"For The Cup üèÜ
Rose Zhang becomes just the 4th American to go 4-0 at the Solheim Cup.

Congratulations @rosezhang and Team USA üá∫üá∏","5,231 likes"
https://scontent-hou1-1.cdninstagram.com/v/t51.29350-15/460365964_1173680310401905_2065155077728560783_n.jpg?stp=dst-jpg_e15&efg=eyJ2ZW5jb2RlX3RhZyI6ImltYWdlX3VybGdlbi4yMjUweDQwMDAuc2RyLmYyOTM1MC5kZWZhdWx0X2NvdmVyX2ZyYW1lIn0&_nc_ht=scontent-hou1-1.cdninstagram.com&_nc_cat=101&_nc_ohc=pzgITvxWFuYQ7kNvgFDQG_S&_nc_gid=4738b1c8802a4eb5a0d833911075757f&edm=APoiHPcBAAAA&ccb=7-5&ig_cache_key=MzQ1NDE1MzU3MDc5MjY2NDMyODgwNDg5Mjc2MTU1OTIyMA%3D%3D.3-ccb7-5&oh=00_AYC9q85OJJCi0z5AUyDtExwsdvDf5b6E39qIxI6VOM_zqw&oe=6707E872&_nc_sid=22de04,"Before they face off this week, @rosezhang and @linngrant tested each other in a different golf challenge that covered multiple sports in the US and Europe with only a golf ball.
 
They‚Äôll take on üèÄ, üèà, ‚öΩÔ∏è, üèè and more using every shot in their bag to bring this one home.

Watch the full video on YouTube, hosted by @miaellax. Link in bio and on stories.
 
Who you got?‚¨áÔ∏è","7,917 likes"
https://scontent-hou1-1.cdninstagram.com/v/t51.29350-15/458509487_1207634083806841_6668677566324565123_n.jpg?stp=dst-jpg_e35&efg=eyJ2ZW5jb2RlX3RhZyI6ImltYWdlX3VybGdlbi4xNDQweDE4MDAuc2RyLmYyOTM1MC5kZWZhdWx0X2ltYWdlIn0&_nc_ht=scontent-hou1-1.cdninstagram.com&_nc_cat=101&_nc_ohc=fJ2LleJiSwkQ7kNvgFVhQBo&_nc_gid=4738b1c8802a4eb5a0d833911075757f&edm=APoiHPcBAAAA&ccb=7-5&ig_cache_key=MzQ1MjA1MDc4MTM0MjI1MDk2Ng%3D%3D.3-ccb7-5&oh=00_AYC-A3m0M_CP2YgGG6jDA_aUbE0YSyr2AXLu2oqJyV4ffw&oe=6707D5E0&_nc_sid=22de04,"Champions Only. üôå @ksholloway wins Gold at the #Paris2024 Paralympics in the Women‚Äôs Sitting Volleyball üèêüî•ü•á

#YouGotThis","11,336 likes"
https://scontent-hou1-1.cdninstagram.com/v/t51.29350-15/458205646_1158134078609278_3622197404585063567_n.webp?stp=dst-jpg_e35&efg=eyJ2ZW5jb2RlX3RhZyI6ImltYWdlX3VybGdlbi44NjR4MTA4MC5zZHIuZjI5MzUwLmRlZmF1bHRfaW1hZ2UifQ&_nc_ht=scontent-hou1-1.cdninstagram.com&_nc_cat=110&_nc_ohc=-5TU-R4zhLEQ7kNvgGfXzie&_nc_gid=4738b1c8802a4eb5a0d833911075757f&edm=APoiHPcBAAAA&ccb=7-5&ig_cache_key=MzQ1MTA0NjczNjY4MjA1MTQ3MQ%3D%3D.3-ccb7-5&oh=00_AYC3uVTduq3v3CQMfLT6Rkb50rwiXd7g2v75VDGK5l7BXg&oe=6707D4A3&_nc_sid=22de04,"History maker. Another gold for the most decorated @paralympicsgb_official athlete ever.

#YouGotThis #Paris2024","6,662 likes"
https://scontent-hou1-1.cdninstagram.com/v/t51.29350-15/458421578_1228162881556334_1433907621450240375_n.jpg?stp=dst-jpg_e35&efg=eyJ2ZW5jb2RlX3RhZyI6ImltYWdlX3VybGdlbi4xNDQweDE4MDAuc2RyLmYyOTM1MC5kZWZhdWx0X2ltYWdlIn0&_nc_ht=scontent-hou1-1.cdninstagram.com&_nc_cat=102&_nc_ohc=7mhrqCfLqUsQ7kNvgHmx9RC&_nc_gid=4738b1c8802a4eb5a0d833911075757f&edm=APoiHPcBAAAA&ccb=7-5&ig_cache_key=MzQ1MDU3OTc3NDQ5MTE2MjAxNQ%3D%3D.3-ccb7-5&oh=00_AYAetntpXEd35bJVMIpA2mzEiz5o_oNuQMfKjyEvxviyEw&oe=6707CA3A&_nc_sid=22de04,"Rebecca Cheptegei üïäÔ∏è

Today we tragically lost an Olympian marathon runner, a national record holder, a worldwide respected athlete and the pride of Uganda.

We are deeply saddened by the devastating news about Rebecca. We have zero tolerance for hate and violence against women.","45,192 likes"
https://scontent-hou1-1.cdninstagram.com/v/t51.29350-15/458326709_889435429716956_2752149262659254156_n.jpg?stp=dst-jpg_e35&efg=eyJ2ZW5jb2RlX3RhZyI6ImltYWdlX3VybGdlbi4xNDQweDE4MDAuc2RyLmYyOTM1MC5kZWZhdWx0X2ltYWdlIn0&_nc_ht=scontent-hou1-1.cdninstagram.com&_nc_cat=108&_nc_ohc=D0e3CRudnukQ7kNvgGahe4F&_nc_gid=4738b1c8802a4eb5a0d833911075757f&edm=APoiHPcBAAAA&ccb=7-5&ig_cache_key=MzQ1MDU0MjIwMTY4ODM4ODEyMA%3D%3D.3-ccb7-5&oh=00_AYDt4OtBeUjjoXOrBXdmjlXzCyjQc3nVyRgllP2fm-PLMw&oe=6707C019&_nc_sid=22de04,"Only gold could have made the 1:01.84 even more special ü•á

@taliso_engel did not only win the 100m breast stroke, he also set a new WR today at the #Paris2024 Paralympics ü§ù #YouGotThis","9,223 likes"
https://scontent-hou1-1.cdninstagram.com/v/t51.29350-15/458402685_479773791687239_9140815026000134369_n.jpg?stp=dst-jpg_e35&efg=eyJ2ZW5jb2RlX3RhZyI6ImltYWdlX3VybGdlbi4xMzQ3eDE2Nzkuc2RyLmYyOTM1MC5kZWZhdWx0X2ltYWdlIn0&_nc_ht=scontent-hou1-1.cdninstagram.com&_nc_cat=111&_nc_ohc=kVnf6Ck7KZwQ7kNvgF5abJL&_nc_gid=4738b1c8802a4eb5a0d833911075757f&edm=APoiHPcBAAAA&ccb=7-5&ig_cache_key=MzQ1MDUzODg0OTMyMTc2NTIwMg%3D%3D.3-ccb7-5&oh=00_AYBIP9YzH6dkQtCSridUoet2CQCOIsczSETY3NsuO8OEzA&oe=6707C8CA&_nc_sid=22de04,"Lightening strikes again ‚ö°Ô∏èüá¨üá∑ @ghavelas_a100 wins Gold in the Men‚Äôs 100m T11 at the #Paris2024 at the Paralympics üî•ü•á

#YouGotThis","23,485 likes"
https://scontent-hou1-1.cdninstagram.com/v/t51.29350-15/458269387_473024242228954_7252995755265127036_n.jpg?stp=dst-jpg_e35&efg=eyJ2ZW5jb2RlX3RhZyI6ImltYWdlX3VybGdlbi4xMzQ3eDE2Nzkuc2RyLmYyOTM1MC5kZWZhdWx0X2ltYWdlIn0&_nc_ht=scontent-hou1-1.cdninstagram.com&_nc_cat=110&_nc_ohc=AKdW0QFMDHMQ7kNvgFv_K6q&_nc_gid=4738b1c8802a4eb5a0d833911075757f&edm=APoiHPcBAAAA&ccb=7-5&ig_cache_key=MzQ0OTEzNTEwMjQxMDUzODI5Mw%3D%3D.3-ccb7-5&oh=00_AYDczfGVNjVF3Jpq41-gEKQ0KFBLnLLx_WChJFDMaHbUzw&oe=6707B5F1&_nc_sid=22de04,"Gold is her gearü•á@kimberly_alkemade has just smashed the Paralympic record in the Women‚Äôs T64 200m to win Gold at #Paris2024 üî•

#YouGotThis","8,950 likes"
https://scontent-hou1-1.cdninstagram.com/v/t51.29350-15/458191896_1237911140561926_7438126663033535428_n.jpg?stp=dst-jpg_e35&efg=eyJ2ZW5jb2RlX3RhZyI6ImltYWdlX3VybGdlbi4xNDQweDE3OTUuc2RyLmYyOTM1MC5kZWZhdWx0X2ltYWdlIn0&_nc_ht=scontent-hou1-1.cdninstagram.com&_nc_cat=110&_nc_ohc=1gBBjQqLc_EQ7kNvgEKqvmz&_nc_gid=4738b1c8802a4eb5a0d833911075757f&edm=APoiHPcBAAAA&ccb=7-5&ig_cache_key=MzQ0ODgxODgxOTMyNjM0OTg1Mw%3D%3D.3-ccb7-5&oh=00_AYB2xZRFQaHV4sTgAgVxOmUqPo4aNSb9Ezzq4drI1_Z0mA&oe=6707BD2F&_nc_sid=22de04,Voil√† ‚ú®. It was adidas GROUNDPARIS.,"11,313 likes"
https://scontent-hou1-1.cdninstagram.com/v/t39.30808-6/458316579_18028687793362958_3646409265754750638_n.jpg?stp=dst-jpg_e35&efg=eyJ2ZW5jb2RlX3RhZyI6ImltYWdlX3VybGdlbi4xNDQweDE4MDAuc2RyLmYzMDgwOC5kZWZhdWx0X2ltYWdlIn0&_nc_ht=scontent-hou1-1.cdninstagram.com&_nc_cat=102&_nc_ohc=hAkrw9Z3PPoQ7kNvgHBG670&_nc_gid=4738b1c8802a4eb5a0d833911075757f&edm=APoiHPcAAAAA&ccb=7-5&ig_cache_key=MzQ0ODQyMzU0NDU4MDE3MzkwMA%3D%3D.3-ccb7-5&oh=00_AYCRF2ESoeRmKh0JmR1SUnjGM9PFnXYc6ACakkNZto_npg&oe=6707CB92&_nc_sid=22de04,"Gold standard.
Defending hisü•áin Tokyo, @antil_sumit7698 is the Paralympic Champion at #Paris2024 in the Javelin F64, with a new Paralympic record! #YouGotThis","23,129 likes"
https://scontent-hou1-1.cdninstagram.com/v/t51.29350-15/458084238_1024055475707991_4771667989371425419_n.jpg?stp=dst-jpg_e35&efg=eyJ2ZW5jb2RlX3RhZyI6ImltYWdlX3VybGdlbi4xNDQweDE3OTUuc2RyLmYyOTM1MC5kZWZhdWx0X2ltYWdlIn0&_nc_ht=scontent-hou1-1.cdninstagram.com&_nc_cat=103&_nc_ohc=Y2elnZ5CkasQ7kNvgFwNWii&_nc_gid=4738b1c8802a4eb5a0d833911075757f&edm=APoiHPcBAAAA&ccb=7-5&ig_cache_key=MzQ0ODIxMzk5NzI4MTY1MTUwMA%3D%3D.3-ccb7-5&oh=00_AYC3i0NAxVg1I4N68roi7gGeE9aCHpP0TqpE9G27xRrZsg&oe=6707D75B&_nc_sid=22de04,"Triple Amenazaüî•

@susirodriguezgacio wins ü•á in the Women‚Äôs Triathlon VI at the #Paris2024 Paralympics üôå

#YouGotThis","14,007 likes"
https://scontent-hou1-1.cdninstagram.com/v/t51.29350-15/457664054_1230136734684483_4275967047413365963_n.webp?stp=dst-jpg_e35&efg=eyJ2ZW5jb2RlX3RhZyI6ImltYWdlX3VybGdlbi44NjR4MTA4MC5zZHIuZjI5MzUwLmRlZmF1bHRfaW1hZ2UifQ&_nc_ht=scontent-hou1-1.cdninstagram.com&_nc_cat=103&_nc_ohc=tCG1hK7pIIYQ7kNvgHQhrjj&_nc_gid=4738b1c8802a4eb5a0d833911075757f&edm=APoiHPcBAAAA&ccb=7-5&ig_cache_key=MzQ0NzQ0MzAzNDkxODU0OTA2NQ%3D%3D.3-ccb7-5&oh=00_AYAp79nFfY6tznqtgQvMIDUEhL56TZA7GAzQNs-5xNED_Q&oe=6707DF6B&_nc_sid=22de04,"Rio ‚úÖ Tokyo ‚úÖ Paris ‚úÖ

Another gold in the bag for @itslaurenrowles

#YouGotThis #Paris2024","7,998 likes"
https://scontent-hou1-1.cdninstagram.com/v/t51.29350-15/457713750_1587541652179182_4382024404025808331_n.webp?stp=dst-jpg_e35&efg=eyJ2ZW5jb2RlX3RhZyI6ImltYWdlX3VybGdlbi44NjR4MTA4MC5zZHIuZjI5MzUwLmRlZmF1bHRfaW1hZ2UifQ&_nc_ht=scontent-hou1-1.cdninstagram.com&_nc_cat=106&_nc_ohc=6k5-mS-pdSMQ7kNvgH27iFD&_nc_gid=8def76ac2aff4147955311190c38ff1d&edm=APoiHPcBAAAA&ccb=7-5&ig_cache_key=MzQ0NzQyMDI2MDMzNDI1NzI2MQ%3D%3D.3-ccb7-5&oh=00_AYAniz2b__qHGWkKhoiR-XuzHBbZlizVoSbRa-fJYUAbNg&oe=6707CAB8&_nc_sid=22de04,"Leader of the pack. It's ü•á for @benjaminpritch1.

#YouGotThis #Paris2024","5,439 likes"
https://scontent-hou1-1.cdninstagram.com/v/t51.29350-15/457524454_830253682552615_6682959889335788370_n.jpg?stp=dst-jpg_e35&efg=eyJ2ZW5jb2RlX3RhZyI6ImltYWdlX3VybGdlbi4xNDQweDE3OTUuc2RyLmYyOTM1MC5kZWZhdWx0X2ltYWdlIn0&_nc_ht=scontent-hou1-1.cdninstagram.com&_nc_cat=107&_nc_ohc=o_UY2A0pBlMQ7kNvgHtBNuj&_nc_gid=8def76ac2aff4147955311190c38ff1d&edm=APoiHPcBAAAA&ccb=7-5&ig_cache_key=MzQ0NzExMzYwMjcwNjE1Mzg5NQ%3D%3D.3-ccb7-5&oh=00_AYCy9c3f18gDS2-RHjiNDtgVb-_eKywikaqQtdWJ-MPJwA&oe=6707BD29&_nc_sid=22de04,"Gold in the airü•á

It‚Äôs a Gold medal and a new World Record for @jumpingjoe_19 in the Men‚Äôs Long Jump T63 at the #Paris2024 Paralympics Games.

#YouGotThis","9,879 likes"
https://scontent-hou1-1.cdninstagram.com/v/t51.29350-15/457769868_382478328222966_7497721147119216433_n.jpg?stp=dst-jpg_e35&efg=eyJ2ZW5jb2RlX3RhZyI6ImltYWdlX3VybGdlbi4xNDQweDE4MDAuc2RyLmYyOTM1MC5kZWZhdWx0X2ltYWdlIn0&_nc_ht=scontent-hou1-1.cdninstagram.com&_nc_cat=106&_nc_ohc=k_O2BBuZqusQ7kNvgG-AXsT&_nc_gid=8def76ac2aff4147955311190c38ff1d&edm=APoiHPcBAAAA&ccb=7-5&ig_cache_key=MzQ0NjcwODIwNzIwNzE2MzY3OA%3D%3D.3-ccb7-5&oh=00_AYB0C-8D9GcxLvs2QjxoS9pivGlLp56Jn07ubGMZc-hDwg&oe=6707E0A2&_nc_sid=22de04,Only the best for our athletes ‚≠êÔ∏è,"18,562 likes"
https://scontent-hou1-1.cdninstagram.com/v/t51.29350-15/457260388_1194326748383623_7069432769311745107_n.jpg?stp=dst-jpg_e35&efg=eyJ2ZW5jb2RlX3RhZyI6ImltYWdlX3VybGdlbi4xNDQweDE3OTMuc2RyLmYyOTM1MC5kZWZhdWx0X2ltYWdlIn0&_nc_ht=scontent-hou1-1.cdninstagram.com&_nc_cat=107&_nc_ohc=QlA3X5TKrpwQ7kNvgHifFZS&_nc_gid=8def76ac2aff4147955311190c38ff1d&edm=APoiHPcBAAAA&ccb=7-5&ig_cache_key=MzQ0NjMwNjQyMTc1OTc5ODQ4OQ%3D%3D.3-ccb7-5&oh=00_AYAv4fvKDXvbrEFWAZkeb-gkaTNrRWTo1SGpo6G1ueFz7A&oe=6707D561&_nc_sid=22de04,"‚úÖ OCC 2023 ü•á ‚úÖ CCC 2024 ü•á

Back to back wins for @tonimccann in Chamonix!

#TeamTERREX #YouGotThis","14,256 likes"
https://scontent-hou1-1.cdninstagram.com/v/t51.29350-15/457382308_1546929462593839_2216093292325454869_n.jpg?stp=dst-jpg_e35&efg=eyJ2ZW5jb2RlX3RhZyI6ImltYWdlX3VybGdlbi4xNDQweDE4MDAuc2RyLmYyOTM1MC5kZWZhdWx0X2ltYWdlIn0&_nc_ht=scontent-hou1-1.cdninstagram.com&_nc_cat=107&_nc_ohc=tWwNjpkbtMAQ7kNvgG15vIH&_nc_gid=8def76ac2aff4147955311190c38ff1d&edm=APoiHPcBAAAA&ccb=7-5&ig_cache_key=MzQ0NTM5NDY1MTkxODQ0Mzc0NQ%3D%3D.3-ccb7-5&oh=00_AYA8OoXtLo7WBlrVji_rkgEJ2WLmjFJYzb6wU0B2G9ssCg&oe=6707B51F&_nc_sid=22de04,"First American to win #OCC ü§†

@eli_hemming takes ü•áwith an incredible run in Chamonix.

#TeamTERREX #YouGotThis","8,841 likes"
https://scontent-hou1-1.cdninstagram.com/v/t51.29350-15/456194378_1078362513928876_5469383607851923652_n.jpg?stp=dst-jpg_e15&efg=eyJ2ZW5jb2RlX3RhZyI6ImltYWdlX3VybGdlbi4xMDgweDE5MjAuc2RyLmYyOTM1MC5kZWZhdWx0X2NvdmVyX2ZyYW1lIn0&_nc_ht=scontent-hou1-1.cdninstagram.com&_nc_cat=104&_nc_ohc=_UNLY54jTxMQ7kNvgEkIkYD&_nc_gid=8def76ac2aff4147955311190c38ff1d&edm=APoiHPcBAAAA&ccb=7-5&ig_cache_key=MzQ0NTM2ODE1OTAyNjAzNzk5Nw%3D%3D.3-ccb7-5&oh=00_AYAAqKwVFtvYT3-ivN2Vbef5jGYRWvN5AU4HjLFvHFYrLw&oe=6707B417&_nc_sid=22de04,"LINES of sport, LINES of comfort, LINES that connect us.
#adidasZNE","526,286 likes"
https://scontent-hou1-1.cdninstagram.com/v/t51.29350-15/457195974_1621778305041022_8001525706607176298_n.jpg?stp=dst-jpg_e35&efg=eyJ2ZW5jb2RlX3RhZyI6ImltYWdlX3VybGdlbi4xNDQweDE3OTUuc2RyLmYyOTM1MC5kZWZhdWx0X2ltYWdlIn0&_nc_ht=scontent-hou1-1.cdninstagram.com&_nc_cat=110&_nc_ohc=aITYvIQEwqwQ7kNvgFuDKhl&_nc_gid=8def76ac2aff4147955311190c38ff1d&edm=APoiHPcBAAAA&ccb=7-5&ig_cache_key=MzQ0NDcxMTgwNTgxMTc3MzEyOA%3D%3D.3-ccb7-5&oh=00_AYBYj9aRqtk82-wUlY4SfJIiCuknx3QyeSFyvJYt1C6Whw&oe=6707E5B6&_nc_sid=22de04,"‚ÄúIn order to use pressure for good, you need to enjoy the pressure and the race. I can overcome pressure and stress in races because of my passion.‚Äù - @sumeyyeboyacii

#YouGotThis #Paris2024","62,400 likes"
https://scontent-hou1-1.cdninstagram.com/v/t51.29350-15/457148556_494434906631910_6528923410841681223_n.jpg?stp=dst-jpg_e15&efg=eyJ2ZW5jb2RlX3RhZyI6ImltYWdlX3VybGdlbi43MjB4MTI4MC5zZHIuZjI5MzUwLmRlZmF1bHRfY292ZXJfZnJhbWUifQ&_nc_ht=scontent-hou1-1.cdninstagram.com&_nc_cat=106&_nc_ohc=1TCSIAUOLnsQ7kNvgEz_p8D&_nc_gid=8def76ac2aff4147955311190c38ff1d&edm=APoiHPcBAAAA&ccb=7-5&ig_cache_key=MzQ0Mzk5MzgxMDgyNzI0NjM1Mw%3D%3D.3-ccb7-5&oh=00_AYCcnrXpkFB-yQ3IJ96KFxaggTTK4UmohXEbSEdAQePbWg&oe=6707CDF6&_nc_sid=22de04,"‚ÄúAt first pressure may sound negative, but advantage can be found in every disadvantage.‚Äù

We‚Äôre cheering you on! @sumeyyeboyacii
#YouGotThis #Paris2024","11,397 likes"
https://scontent-hou1-1.cdninstagram.com/v/t51.29350-15/455617137_387437110728713_6840390630756899043_n.jpg?stp=dst-jpg_e15&efg=eyJ2ZW5jb2RlX3RhZyI6ImltYWdlX3VybGdlbi43MjB4MTI4MC5zZHIuZjI5MzUwLmRlZmF1bHRfY292ZXJfZnJhbWUifQ&_nc_ht=scontent-hou1-1.cdninstagram.com&_nc_cat=105&_nc_ohc=5MW5_SIuvhcQ7kNvgFEgByv&_nc_gid=8def76ac2aff4147955311190c38ff1d&edm=APoiHPcBAAAA&ccb=7-5&ig_cache_key=MzQzNTM0NDI2NTIwMTUzMTMyMw%3D%3D.3-ccb7-5&oh=00_AYDIxGdoDe0_zKlJgNztqBQ502Fy-CvK12KnfGnWQBarnA&oe=6707E5A0&_nc_sid=22de04,"Until next time‚Ä¶

#Paris2024 #YouGotThis","8,983 likes"
https://scontent-hou1-1.cdninstagram.com/v/t51.29350-15/455180676_414072657796806_8747405615172981600_n.jpg?stp=dst-jpg_e35&efg=eyJ2ZW5jb2RlX3RhZyI6ImltYWdlX3VybGdlbi4xNDQweDE4MDAuc2RyLmYyOTM1MC5kZWZhdWx0X2ltYWdlIn0&_nc_ht=scontent-hou1-1.cdninstagram.com&_nc_cat=106&_nc_ohc=Yk_8IdVjlzcQ7kNvgGSVKMD&_nc_gid=8def76ac2aff4147955311190c38ff1d&edm=APoiHPcBAAAA&ccb=7-5&ig_cache_key=MzQzMzg2NTg4MjA2ODA4NDMyMg%3D%3D.3-ccb7-5&oh=00_AYCz96yIAYa-TvbmPyvIcV0Ooej9vHn88RnndNfz82RODA&oe=6707DAAF&_nc_sid=22de04,"LA 2028 is four years away, but the pressure to qualify is already on.

Luckily, @merylandcgh knows exactly how to deal with it ‚Äì make fun punch harder than pressure.

#YouGotThis Meryland.","11,924 likes"
https://scontent-hou1-1.cdninstagram.com/v/t51.29350-15/455013549_810246981221497_4923789756590411943_n.jpg?stp=dst-jpg_e35&efg=eyJ2ZW5jb2RlX3RhZyI6ImltYWdlX3VybGdlbi4xNDQweDE3OTUuc2RyLmYyOTM1MC5kZWZhdWx0X2ltYWdlIn0&_nc_ht=scontent-hou1-1.cdninstagram.com&_nc_cat=101&_nc_ohc=PBUbc0bAZm0Q7kNvgF4pHfJ&_nc_gid=8def76ac2aff4147955311190c38ff1d&edm=APoiHPcBAAAA&ccb=7-5&ig_cache_key=MzQzMzA3NDEzMzExMTcwMzM0MQ%3D%3D.3-ccb7-5&oh=00_AYChxU88r06T8-yHJ4SNXcikiPgrCGbBh1IVHlrOb66f4g&oe=6707BD56&_nc_sid=22de04,"Five games, five medals. Completed it: ü•âü•âü•áü•âü•à

Congratulations @tomdaley on an iconic diving career.

#Paris2024 #YouGotThis","105,120 likes"
https://scontent-hou1-1.cdninstagram.com/v/t51.29350-15/454991342_389131183855715_1609950453402320123_n.jpg?stp=dst-jpg_e35&efg=eyJ2ZW5jb2RlX3RhZyI6ImltYWdlX3VybGdlbi4xNDQweDE4MDAuc2RyLmYyOTM1MC5kZWZhdWx0X2ltYWdlIn0&_nc_ht=scontent-hou1-1.cdninstagram.com&_nc_cat=111&_nc_ohc=PnPiuS1Q2F8Q7kNvgHpocbj&_nc_gid=8def76ac2aff4147955311190c38ff1d&edm=APoiHPcBAAAA&ccb=7-5&ig_cache_key=MzQzMjQ0MTQxMDAzNTUxNTkwMw%3D%3D.3-ccb7-5&oh=00_AYDnhz6ovgz7cLffNZ11AqVDOwfilsNX9Oe4F-YQLcQYMw&oe=6707E571&_nc_sid=22de04,"For the people.

First stop on the medal tour, adidas GROUNDPARISüìç

#BelieveThat #Paris2024","370,978 likes"
https://scontent-hou1-1.cdninstagram.com/v/t51.29350-15/454733240_2998116530331162_6282657087960176239_n.jpg?stp=dst-jpg_e35&efg=eyJ2ZW5jb2RlX3RhZyI6ImltYWdlX3VybGdlbi4xNDQweDE4MDAuc2RyLmYyOTM1MC5kZWZhdWx0X2ltYWdlIn0&_nc_ht=scontent-hou1-1.cdninstagram.com&_nc_cat=106&_nc_ohc=g4YnLUO_uWAQ7kNvgGmUlk5&_nc_gid=53f0b0ab54a24b28ac3043295b008c3d&edm=APoiHPcBAAAA&ccb=7-5&ig_cache_key=MzQzMjM2NDA5MTEzNzE5NzY5MQ%3D%3D.3-ccb7-5&oh=00_AYAvVyqAdCVzwWACO4gMJ2helSBnMw5G8IQciLabK10PUg&oe=6707C37B&_nc_sid=22de04,"Different city, same result.

Congratulations @cgray209 & @_klc215 on your 2024 Olympic gold medal.

#Paris2024","8,088 likes"
https://scontent-hou1-1.cdninstagram.com/v/t51.29350-15/454715495_1654748825308088_5442534325604001197_n.jpg?stp=dst-jpg_e35&efg=eyJ2ZW5jb2RlX3RhZyI6ImltYWdlX3VybGdlbi4xNDQweDE3OTUuc2RyLmYyOTM1MC5kZWZhdWx0X2ltYWdlIn0&_nc_ht=scontent-hou1-1.cdninstagram.com&_nc_cat=108&_nc_ohc=gJQ3d2SUx7cQ7kNvgFYFhhZ&_nc_gid=53f0b0ab54a24b28ac3043295b008c3d&edm=APoiHPcBAAAA&ccb=7-5&ig_cache_key=MzQzMjMzOTk0ODIyMjYxNTUxMA%3D%3D.3-ccb7-5&oh=00_AYAvo5bX6l2L5x6_TQrlUyqXr_j8osYcYMxM0XVo8aiCfQ&oe=6707B4F3&_nc_sid=22de04,"Relentless on the court, champions in spirit.

Congrats @magnussaugstrup & @emilnielsen97 on taking home the Handball Gold at #Paris2024

#YouGotThis","8,282 likes"
https://scontent-hou1-1.cdninstagram.com/v/t51.29350-15/455011921_1197449581406733_7753880282783334873_n.jpg?stp=dst-jpg_e35&efg=eyJ2ZW5jb2RlX3RhZyI6ImltYWdlX3VybGdlbi4xNDQweDE4MDAuc2RyLmYyOTM1MC5kZWZhdWx0X2ltYWdlIn0&_nc_ht=scontent-hou1-1.cdninstagram.com&_nc_cat=109&_nc_ohc=q4yUM95OoOgQ7kNvgFnP7tv&_nc_gid=53f0b0ab54a24b28ac3043295b008c3d&edm=APoiHPcBAAAA&ccb=7-5&ig_cache_key=MzQzMjE0MTIyODM4MjM3NDE3NA%3D%3D.3-ccb7-5&oh=00_AYAReG3I0pVKLoqt0_MHta4tRdGlJG5yRPVTAp7DDju_Vw&oe=6707C754&_nc_sid=22de04,"no es una mala lista üòÆ‚Äçüí®

üèÜ FIFA U-17 Women‚Äôs World Cup 2022
üèÜ FIFA U-20 Women‚Äôs World Cup 2022
üèÜ UEFA Women‚Äôs Nations League 2022/23
üèÜ FIFA Women‚Äôs World Cup 2023‚Ñ¢Ô∏è
üèÜ UEFA European U-17 Women‚Äôs Championship 2024
üèÜ UEFA European U-19 Women‚Äôs Championship 2024

üèÜ UEFA Nations League 2022/23
üèÜ UEFA European U-19 Championship 2024
üèÜ UEFA EURO 2024
üèÜ Men‚Äôs Olympic Football Tournament Paris 2024

#YouGotThis","310,753 likes"
https://scontent-hou1-1.cdninstagram.com/v/t51.29350-15/454797215_1852844185225908_61612536674948446_n.jpg?stp=dst-jpg_e15&efg=eyJ2ZW5jb2RlX3RhZyI6ImltYWdlX3VybGdlbi43MjB4MTI4MC5zZHIuZjI5MzUwLmRlZmF1bHRfY292ZXJfZnJhbWUifQ&_nc_ht=scontent-hou1-1.cdninstagram.com&_nc_cat=100&_nc_ohc=73hWbMxtFawQ7kNvgFpZJgv&_nc_gid=53f0b0ab54a24b28ac3043295b008c3d&edm=APoiHPcBAAAA&ccb=7-5&ig_cache_key=MzQzMTgxNTg4NTQ5MTg5MTc4OQ%3D%3D.3-ccb7-5&oh=00_AYA9hVdOabhsjR8T0DJK96V30tl8qxAlKEYYUjOTPhUB-Q&oe=6707B85B&_nc_sid=22de04,"From Atlanta to the World.

@theanthonyedwards_ is just getting started.

Believe That.

#adidasBasketball #Paris2024","113,897 likes"
https://scontent-hou1-1.cdninstagram.com/v/t51.29350-15/455013413_887982603195609_4838802952568235423_n.jpg?stp=dst-jpg_e35&efg=eyJ2ZW5jb2RlX3RhZyI6ImltYWdlX3VybGdlbi4xNDQweDE4MDAuc2RyLmYyOTM1MC5kZWZhdWx0X2ltYWdlIn0&_nc_ht=scontent-hou1-1.cdninstagram.com&_nc_cat=109&_nc_ohc=h62shJEjdYYQ7kNvgGIDRtx&_nc_gid=53f0b0ab54a24b28ac3043295b008c3d&edm=APoiHPcBAAAA&ccb=7-5&ig_cache_key=MzQzMTcyMzUzNTA2OTg4Njg4Nw%3D%3D.3-ccb7-5&oh=00_AYCB4QGBXI7-aS-B4P10vyHl0ke7e2FvTnteukK87byJjQ&oe=6707C800&_nc_sid=22de04,"WOW, @emmanuelwanyonyi800m ü•áü§Ø Olympic champion at 20 ‚Äì and here to stay üî•

#Paris2024 #YouGotThis","13,816 likes"
https://scontent-hou1-1.cdninstagram.com/v/t51.29350-15/454734230_1012219420205750_2097363424032405267_n.jpg?stp=dst-jpg_e35&efg=eyJ2ZW5jb2RlX3RhZyI6ImltYWdlX3VybGdlbi4xNDQweDE4MDAuc2RyLmYyOTM1MC5kZWZhdWx0X2ltYWdlIn0&_nc_ht=scontent-hou1-1.cdninstagram.com&_nc_cat=102&_nc_ohc=U42jwjp4R2MQ7kNvgFffBXQ&_nc_gid=53f0b0ab54a24b28ac3043295b008c3d&edm=APoiHPcBAAAA&ccb=7-5&ig_cache_key=MzQzMTY5Mzc4MTg3NzMxNTU0Mg%3D%3D.3-ccb7-5&oh=00_AYAtvcFM_nMULAWt5U8GtZEq55Jz4JBDdpV3tqgIAONSuQ&oe=6707D0E6&_nc_sid=22de04,"back on top ü•á

#Paris2024 #YouGotThis","38,426 likes"
https://scontent-hou1-1.cdninstagram.com/v/t51.29350-15/454721183_846368677100473_4326929960507379600_n.jpg?stp=dst-jpg_e35&efg=eyJ2ZW5jb2RlX3RhZyI6ImltYWdlX3VybGdlbi4xNDQweDE3OTUuc2RyLmYyOTM1MC5kZWZhdWx0X2ltYWdlIn0&_nc_ht=scontent-hou1-1.cdninstagram.com&_nc_cat=101&_nc_ohc=32XFT-AAwtoQ7kNvgG5Z5y5&_nc_gid=53f0b0ab54a24b28ac3043295b008c3d&edm=APoiHPcBAAAA&ccb=7-5&ig_cache_key=MzQzMTYyMjIwODA1MDkwMjEyNg%3D%3D.3-ccb7-5&oh=00_AYAo-ZukHhIKhfPhg78kYESjYuBfALxXdMJVdSuclQfgcQ&oe=6707E22E&_nc_sid=22de04,"Never doubt the power of Norway!

@noramrk_9 shines bright and brings home the Gold in the Women‚Äôs Handball ü•áü§æ #Paris2024","14,729 likes"
https://scontent-hou1-1.cdninstagram.com/v/t51.29350-15/454650422_815772327354525_5461918747287764867_n.jpg?stp=dst-jpg_e35&efg=eyJ2ZW5jb2RlX3RhZyI6ImltYWdlX3VybGdlbi4xMzUweDE2ODcuc2RyLmYyOTM1MC5kZWZhdWx0X2ltYWdlIn0&_nc_ht=scontent-hou1-1.cdninstagram.com&_nc_cat=109&_nc_ohc=JtdI_Cgz0zYQ7kNvgHw45mv&_nc_gid=53f0b0ab54a24b28ac3043295b008c3d&edm=APoiHPcBAAAA&ccb=7-5&ig_cache_key=MzQzMTU1MjQ0NDgwMzUxNTg3NA%3D%3D.3-ccb7-5&oh=00_AYAd7QhE02ws5_QA-WIlnrRvnPZPQqF3uOUCi_pONxQ8UA&oe=6707D32F&_nc_sid=22de04,smash or pass ? smash ‚úÖü•á #Paris2024 #YouGotThis,"20,827 likes"
https://scontent-hou1-1.cdninstagram.com/v/t51.29350-15/454496035_1202582700940447_4721209696462881994_n.jpg?stp=dst-jpg_e35&efg=eyJ2ZW5jb2RlX3RhZyI6ImltYWdlX3VybGdlbi4xNDQweDE3OTUuc2RyLmYyOTM1MC5kZWZhdWx0X2ltYWdlIn0&_nc_ht=scontent-hou1-1.cdninstagram.com&_nc_cat=107&_nc_ohc=17M8TLVlul8Q7kNvgGMBfdY&_nc_gid=53f0b0ab54a24b28ac3043295b008c3d&edm=APoiHPcBAAAA&ccb=7-5&ig_cache_key=MzQzMTUzNDQ1NTMzMDc1MjI0Mg%3D%3D.3-ccb7-5&oh=00_AYD4LiW7BvAPO1cQ55_dPmJSCpQOlhNkaHhtXV18rqiHeg&oe=6707E502&_nc_sid=22de04,"Unstoppable. Unmatched. Still the champion. Janja Garnbret reigns supreme (again) üêê ü•á

#Paris2024 #YouGotThis","157,079 likes"
https://scontent-hou1-1.cdninstagram.com/v/t51.29350-15/454822420_1007923104446140_6132670677140591827_n.jpg?stp=dst-jpg_e35&efg=eyJ2ZW5jb2RlX3RhZyI6ImltYWdlX3VybGdlbi4xNDQweDE4MDAuc2RyLmYyOTM1MC5kZWZhdWx0X2ltYWdlIn0&_nc_ht=scontent-hou1-1.cdninstagram.com&_nc_cat=104&_nc_ohc=43UkLnsMgroQ7kNvgGYzxj3&_nc_gid=53f0b0ab54a24b28ac3043295b008c3d&edm=APoiHPcBAAAA&ccb=7-5&ig_cache_key=MzQzMTQzNDcwNTQ5MDM4NTMzNg%3D%3D.3-ccb7-5&oh=00_AYDO4h_2dRpsjxqNkqJVSmpXAXCZp07sdO9fualn4LJvhg&oe=6707D166&_nc_sid=22de04,"OLYMPIC RECORD ü•áüôå ùòõùò©ùò¢ùòµ‚Äôùò¥ how you claim marathon glory @tamirattola

#Paris2024 #YouGotThis","39,130 likes"
https://scontent-hou1-1.cdninstagram.com/v/t51.29350-15/454688399_980951977101414_7457026240398915664_n.jpg?stp=dst-jpg_e35&efg=eyJ2ZW5jb2RlX3RhZyI6ImltYWdlX3VybGdlbi4xNDQweDE3OTUuc2RyLmYyOTM1MC5kZWZhdWx0X2ltYWdlIn0&_nc_ht=scontent-hou1-1.cdninstagram.com&_nc_cat=106&_nc_ohc=W90XDtz-IrcQ7kNvgEpLVBY&_nc_gid=53f0b0ab54a24b28ac3043295b008c3d&edm=APoiHPcBAAAA&ccb=7-5&ig_cache_key=MzQzMTA0OTM2Njk4ODgyNjA5NA%3D%3D.3-ccb7-5&oh=00_AYAOyxGSHHKTQCDOz6l8WrBqAZzxQ_HKn_IrQqmyrcwIqg&oe=6707C235&_nc_sid=22de04,"They came to Paris as the favourites, they leave as the champions. @yibbijansen & @xandewaard help write history. üß°
 
 #Paris2024 #YouGotThis

@joosjeburg
@pien_dicke
@felicealbers","37,152 likes"
https://scontent-hou1-1.cdninstagram.com/v/t51.29350-15/454167712_1182150252935815_2678036987437565176_n.jpg?stp=dst-jpg_e35&efg=eyJ2ZW5jb2RlX3RhZyI6ImltYWdlX3VybGdlbi4xNDQweDE4MDAuc2RyLmYyOTM1MC5kZWZhdWx0X2ltYWdlIn0&_nc_ht=scontent-hou1-1.cdninstagram.com&_nc_cat=107&_nc_ohc=vK_trLHT638Q7kNvgGK-fHe&_nc_gid=53f0b0ab54a24b28ac3043295b008c3d&edm=APoiHPcBAAAA&ccb=7-5&ig_cache_key=MzQzMTA0MjgzMDE0MDc4NTE4OQ%3D%3D.3-ccb7-5&oh=00_AYDr_Qtzf9iXrA3yUBhctnb20ZshCOwMJ3d4CseROfg7hg&oe=6707B82F&_nc_sid=22de04,"Leave it until the last throw ‚Äì then with the gold medal @yemimagdalena ü•áüòç

#Paris2024 #YouGotThis","21,095 likes"
https://scontent-hou1-1.cdninstagram.com/v/t51.29350-15/454802915_824593016444263_6774566013015381635_n.jpg?stp=dst-jpg_e15&efg=eyJ2ZW5jb2RlX3RhZyI6ImltYWdlX3VybGdlbi43MjB4MTI4MC5zZHIuZjI5MzUwLmRlZmF1bHRfY292ZXJfZnJhbWUifQ&_nc_ht=scontent-hou1-1.cdninstagram.com&_nc_cat=107&_nc_ohc=gjaw5nfocmwQ7kNvgFMtee0&_nc_gid=f5d78f57b3cf40d5b4ce82a745f0240f&edm=APoiHPcBAAAA&ccb=7-5&ig_cache_key=MzQzMTAxNzQ3Mzk3MDg3NjI0MQ%3D%3D.3-ccb7-5&oh=00_AYCjjKXdiIH70dP5XrMZTsmJ23xhJjQicpvIUc9iEkEqYw&oe=6707E5CB&_nc_sid=22de04,"She overcame it all and fought back stronger. This was only the beginning @annaa.hall.

#Paris2024 #YouGotThis","22,306 likes"
https://scontent-hou1-1.cdninstagram.com/v/t51.29350-15/454629246_3657408674588486_4060563975636398533_n.jpg?stp=dst-jpg_e35&efg=eyJ2ZW5jb2RlX3RhZyI6ImltYWdlX3VybGdlbi4xNDQweDE4MDAuc2RyLmYyOTM1MC5kZWZhdWx0X2ltYWdlIn0&_nc_ht=scontent-hou1-1.cdninstagram.com&_nc_cat=102&_nc_ohc=pspBLR8St24Q7kNvgHACgKv&_nc_gid=f5d78f57b3cf40d5b4ce82a745f0240f&edm=APoiHPcBAAAA&ccb=7-5&ig_cache_key=MzQzMTAxNzE2OTQzMTI4NjMyOQ%3D%3D.3-ccb7-5&oh=00_AYAqwZYJ86Hz01T0SnPysYGu_54fxZq-T1W_SYRMU1m9nQ&oe=6707D9C7&_nc_sid=22de04,"winning trophies‚Ñ¢Ô∏èüèÜ
it‚Äôs a Spanish trademark

ganar trofeos ‚Ñ¢Ô∏èüèÜ
marca Espa√±a

#Paris2024 #YouGotThis","390,819 likes"
https://scontent-hou1-1.cdninstagram.com/v/t51.29350-15/454567643_3768653550045409_1885929901543773430_n.jpg?stp=dst-jpg_e35&efg=eyJ2ZW5jb2RlX3RhZyI6ImltYWdlX3VybGdlbi4xNDQweDE4MDAuc2RyLmYyOTM1MC5kZWZhdWx0X2ltYWdlIn0&_nc_ht=scontent-hou1-1.cdninstagram.com&_nc_cat=101&_nc_ohc=Pym_er68WM4Q7kNvgFOq75u&_nc_gid=f5d78f57b3cf40d5b4ce82a745f0240f&edm=APoiHPcBAAAA&ccb=7-5&ig_cache_key=MzQzMTAwNjIzNTE5OTIzMTUxMA%3D%3D.3-ccb7-5&oh=00_AYBIPGULoYOMzxdP9u5RBKNCL5NB6sj9QwHuIIobaxM1tQ&oe=6707E8A1&_nc_sid=22de04,"HISTORY for @marileidy_paulino_ ü•áüá©üá¥ The Dominican Republic‚Äôs first ùò¶ùò∑ùò¶ùò≥ female Olympic gold medalist ‚Äì and a Games record ‚ú®

#Paris2024 #YouGotThis","71,190 likes"
